ID,name,genus,species,mass,TL,SL,BD,BW,CPW,muscleWhite,muscleRed,CoM,,mucusMass,caudalArea,analArea,dorsalArea,dorsalArea2,pelvicArea,bodyArea,pectArea,aluArea,barbArea,TotCaudalArea,TotAnalArea,TotDorsalArea,TotDorsalArea2,TotPelvicArea,TotPectArea,TotAlulArea,TotBodyArea,AllAluArea,AllBodArea,relMucusM,mucusProt,FStype,latency,s1Duration,s2Duration,distance,stimAngle,direction,turnAngle,turnRate,trajectory,turnRadius,Desc,relDesc,Umax,Amax,F_latency,F_s1Duration,F_s2Duration,F_distance,F_stimAngle,F_turnAngle,F_turnRate,F_trajectory,F_turnRadius,CHNmass,nitrogen,carbon,hydrogen,calories
MJ002,mela1,Hemigymnus,melapterus,124.2,19.4,15.2,6.06,2.59,0.51,21.8,0.2,NA,NA,114.1,20.066,8.135,13.872,NA,3.697,69.794,7.324,87.077,0,40.132,16.27,27.744,0,14.788,29.296,174.154,139.588,302.384,267.818,0.37733478,90.02912833,D,0.05,0.03,0.03,31.39,100.89,1,94.84,2845.08,169.2,1.26,6.18,0.32,221.2,93.34,0.04,0.04,0.03,32.51,0,117.4,2817.53,103.55,0.45,3.658,8.63,35.949,5.823,5237.219
MJ003,doli1,Siganus,doliatus,131.6,20.9,15.7,7.82,2.22,0.5,25.3,0.9,NA,NA,115.3,15.43,14.339,23.577,NA,2.474,84.236,10.699,94.88,0,30.86,28.678,47.154,0,9.896,42.796,189.76,168.472,349.144,327.856,0.330236235,20.56386939,D,0.02,0.03,0.03,20.96,100.51,1,47.23,1889.12,113.6,0.54,5.82,0.28,249.46,89.49,NA,NA,NA,NA,NA,NA,NA,NA,NA,4.891,8.545,33.017,5.358,4791.639
MJ004,nigr1,Acanthurus,nigrofuscus,96.6,18.1,12.32,6.47,2.1,0.66,17.9,0.7,NA,NA,66.5,11.936,15.676,23.556,NA,2.79,61.703,7.076,76.669,0,23.872,31.352,47.112,0,11.16,28.304,153.338,123.406,295.138,265.206,0.225318326,162.959908,NA,NA,NA,NA,NA,NA,NA,NA,NA,NA,NA,NA,NA,NA,NA,NA,NA,NA,NA,NA,NA,NA,NA,NA,2.935,8.425,35.577,5.611,5180.641
MJ005,cura1,Amblyglyphidodon,curacao,35.4,11.95,8.8,5.3,1.45,0.53,6.5,0.1,NA,NA,23.4,6.233,5.548,8.732,NA,1.894,33.978,4.774,39.849,0,12.466,11.096,17.464,0,7.576,19.096,79.698,67.956,147.396,135.654,0.158756004,75.43139053,D-,0.01,0.02,0.02,27.58,26.47,1,89.31,4286.88,108.79,0.72,6.47,0.54,146.59,87.17,NA,NA,NA,NA,NA,NA,NA,NA,NA,2.355,7.395,33.118,5.222,4806.934
MJ006,mult1,Parupeneus,multifasciatus,59.8,17.2,14,3.9,2.04,0.67,11.5,0.2,NA,NA,72.3,9.544,3.522,3.762,3.93,3.364,39.078,5.366,50.497,1.904,19.088,7.044,7.524,7.86,13.456,21.464,100.994,78.156,179.334,156.496,0.403158353,112.2728199,D-,0.09,0.02,0.03,36.63,124.04,1,43.17,2072.26,167.34,1.01,5.52,0.32,112.87,57.48,0.04,0.02,0.03,23.14,11.92,72.16,3463.44,83.25,0.97,4.363,9.63,37.028,5.85,5401.293
MJ007,doli3,Siganus,doliatus,124.8,20,15.5,7.66,2.15,0.5,26.4,0.7,NA,NA,74.6,13.771,13.027,21.447,NA,2.721,90.316,8.753,104.312,0,27.542,26.054,42.894,0,10.884,35.012,208.624,180.632,351.01,323.018,0.212529558,101.4066301,D,0.02,0.03,0.02,35.3,54.33,1,45.12,1804.84,90.65,0.78,7.78,0.39,232.34,94.78,0.01,0.04,0.02,24.61,43.44,108.84,2902.32,44.76,1.06,4.254,9.617,37.103,5.898,5412.59
MJ008,doli4,Siganus,doliatus,156.8,20.9,17.1,8.03,2.31,0.57,30.4,1.1,NA,NA,112,16.041,14.278,24.284,NA,2.879,92.221,9.663,105.865,0,32.082,28.556,48.568,0,11.516,38.652,211.73,184.442,371.104,343.816,0.30180219,193.3569791,S,0.07,0.04,0.06,25.02,78.86,1,64.7,1552.9,160.32,0.59,3.57,0.17,130.85,83.47,0.02,0.03,0.04,24.74,33.63,59.87,2052.79,92.67,0.69,4.259,10.25,40.056,6.242,5861.496
MJ009,doli2,Siganus,doliatus,138.1,20.1,16.1,7.76,2.21,0.54,29.5,0.7,NA,NA,98.5,14.61,14.577,23.876,NA,2.899,80.09,9.672,90.72,0,29.22,29.154,47.752,0,11.596,38.688,181.44,160.18,337.85,316.59,0.291549504,136.0606446,D,0.03,0.03,0.03,38.06,125.89,1,51.72,2068.96,142.03,0.58,6.55,0.33,216.17,84.72,NA,NA,NA,NA,NA,NA,NA,NA,NA,4.548,10.34,39.416,6.137,5764.299
MJ010,doli5,Siganus,doliatus,112.2,19.5,15.9,7.07,1.85,0.51,22.5,0.9,NA,NA,105.8,13.924,12.84,21.472,NA,2.288,76.611,8.918,85.7888275,0,27.848,25.68,42.944,0,9.152,35.672,171.577655,153.222,312.873655,294.518,0.338155669,177.1396327,D-,0.01,0.03,0.04,27.56,29.19,-1,62.3,2135.9,42.26,1.01,6.09,0.31,152,67.95,0.02,0.03,0.03,23.75,14.44,63.19,2527.64,76.15,0.79,4.447,9.528,36.069,5.776,5255.417
MJ011,doli7,Siganus,doliatus,115.2,18.4,15.2,7.87,1.92,0.56,23.4,0.9,NA,NA,NA,14.338,14.538,21.425,NA,2.754,82.595,8.56,NA,0,28.676,29.076,42.85,0,11.016,34.24,NA,165.19,NA,311.048,NA,NA,D,0.07,0.02,0.03,38.98,86.6,1,34.4,1651.34,103.57,0.63,6.46,0.35,203.07,107.81,0.02,0.03,0.03,21.87,14.78,50.48,2019.24,22.28,0.68,NA,NA,NA,NA,NA
MJ012,doli6,Siganus,doliatus,119.6,19,15.4,7.45,1.99,0.58,24.8,1,NA,NA,NA,14.702,13.964,22.279,NA,2.937,81.022,8.546,NA,0,29.404,27.928,44.558,0,11.748,34.184,NA,162.044,NA,309.866,NA,NA,D,0.04,0.03,0.03,22.22,78.07,1,45.5,1819.8,98.28,0.88,5.58,0.29,185.77,100.67,0.07,0.04,0.05,23.35,26.78,87.27,2094.48,131.96,0.85,NA,NA,NA,NA,NA
MJ013,cura3,Amblyglyphidodon,curacao,49.8,12.75,9.33,5.72,1.78,0.48,8.5,0.2,NA,NA,34.9,7.815,6.698,11.917,NA,2.387,36.906,6.65,49.428,0,15.63,13.396,23.834,0,9.548,26.6,98.856,73.812,187.864,162.82,0.185772687,93.25151816,S,0.08,0.02,0.03,31.68,64.84,1,41.99,2519.22,128.42,0.33,4.63,0.36,109.85,77.71,0.03,0.03,0.02,37.12,12.69,112.64,3861.87,106.79,0.54,4.23,6.214,26.713,4.457,3833.343
MJ014,mult2,Parupeneus,multifasciatus,127.6,20.6,17.1,5.18,2.65,0.87,24,0.3,NA,NA,123.8,14.279,6.199,6.931,6.719,6.364,61.799,7.995,81.898,2.972,28.558,12.398,13.862,13.438,25.456,31.98,163.796,123.598,292.46,252.262,0.423305751,200.4300601,NA,NA,NA,NA,NA,NA,NA,NA,NA,NA,NA,NA,NA,NA,NA,NA,NA,NA,NA,NA,NA,NA,NA,NA,4.029,10.324,39.891,6.252,5836.431
MJ015,chry2,Sufflamen,chrysopterus,62.4,13.91,11.67,4.96,2.1,0.67,8.4,0.6,NA,NA,55.2,8.235,5.535,1.321,5.731,5.587,45.75,2.773,53.215,0,16.47,11.07,2.642,11.462,22.348,11.092,106.43,91.5,181.514,166.584,0.304108774,106.2977929,D,0.08,0.03,0.03,30.8,55.04,1,79.81,2394.24,126.11,0.74,5.5,0.4,185.44,66.77,NA,NA,NA,NA,NA,NA,NA,NA,NA,2.961,6.499,28.049,4.817,4036.488
MJ016,cura2,Amblyglyphidodon,curacao,36.7,12.71,8.9,5.19,1.45,0.39,6.1,0.2,NA,NA,35,7.556,6.231,9.268,NA,2.688,33.013,4.724,37.406,0,15.112,12.462,18.536,0,10.752,18.896,74.812,66.026,150.57,141.784,0.232450023,131.0811593,S,0.08,0.02,0.03,25.66,56.52,1,57.96,2782.13,134.01,0.34,4.57,0.36,108.8,79.92,0.05,0.03,0.03,27.31,38.08,101.99,4079.48,142.51,0.49,2.322,6.433,27.904,4.56,4014.347
MJ017,chry1,Sufflamen,chrysopterus,71.3,14.13,11.87,5.41,2.11,0.67,9.2,1.3,NA,NA,46.7,8.182,5.823,1.569,6.706,5.837,50.253,2.534,58.458,0,16.364,11.646,3.138,13.412,23.348,10.136,116.916,100.506,194.96,178.55,0.239536315,150.7994684,D,0.08,0.02,0.02,36.38,74.2,1,27.52,1321.01,79.53,0.58,5.56,0.39,175.51,132.81,0.03,0.04,0.03,33.57,14.62,79.91,2130.91,102.46,0.31,1.992,8.164,36.071,5.85,5255.835
MJ018,mult3,Parupeneus,multifasciatus,140.9,23.2,18.3,5.14,2.81,0.78,28.7,0.4,NA,NA,254.6,16.47,7.146,7.705,7.026,7.314,66.974,8.344,88.716,2.796,32.94,14.292,15.41,14.052,29.256,33.376,177.432,133.948,319.554,276.07,0.79673545,237.1333951,D,0.03,0.03,0.03,15.77,76.96,1,78.81,2364.27,129.6,1.46,8.27,0.36,191.34,57.47,NA,NA,NA,NA,NA,NA,NA,NA,NA,1.988,11.032,43.281,6.799,6351.777
MJ019,doli8,Siganus,doliatus,105.5,18.3,14.35,7.22,2,0.47,23.2,0.8,NA,NA,64.8,14.142,13.014,20.023,NA,2.276,72.965,8.244,81.074,0,28.284,26.028,40.046,0,9.104,32.976,162.148,145.93,298.586,282.368,0.217022901,167.3786885,D,0.02,0.02,0.02,14.33,104.43,1,28.75,1380.19,100.01,0.59,7.8,0.43,235.11,93.36,NA,NA,NA,NA,NA,NA,NA,NA,NA,2.114,10.792,41.779,6.53,6123.356
MJ020,nigr2,Acanthurus,nigrofuscus,104.2,18,13.13,6.48,2.24,0.8,18.7,1.1,NA,NA,100.2,13.474,14.626,20.596,NA,1.758,63.256,8.029,73.86,0,26.948,29.252,41.192,0,7.032,32.116,147.72,126.512,284.26,263.052,0.352494195,186.0277007,NA,NA,NA,NA,NA,NA,NA,NA,NA,NA,NA,NA,NA,NA,NA,0.03,0.03,0.03,23.82,15.43,90.81,3632.24,110.52,0.83,3.17,9.009,37.111,5.763,5413.84
MJ021,cura5,Amblyglyphidodon,curacao,33.1,11.53,8.41,5.14,1.48,0.26,6.1,0.2,NA,NA,33.8,6.306,5.009,7.815,NA,1.95,31.397,3.834,35.533,0,12.612,10.018,15.63,0,7.8,15.336,71.066,62.794,132.462,124.19,0.25516752,115.2144527,D,0.03,0.02,0.02,22.78,60.63,1,61.5,3690.24,109.38,0.34,6.59,0.57,189.91,81.73,0.03,0.03,0.02,21.45,11.19,121.41,4856.36,105.95,0.54,2.134,6.768,29.53,4.767,4261.629
MJ022,doli9,Siganus,doliatus,131.3,19.5,16,7.89,2.09,0.42,30.1,0.8,7.5,0.384615385,NA,15.47,13.477,23.128,NA,3.483,88.437,9.073,NA,0,30.94,26.954,46.256,0,13.932,36.292,NA,176.874,NA,331.248,NA,NA,D,0.01,0.02,0.03,27.75,34.31,-1,38.23,1835.04,18.53,0.69,6.31,0.32,186.12,117.19,NA,NA,NA,NA,NA,NA,NA,NA,NA,NA,NA,NA,NA,NA
MJ023,bili2,Scolopsis,bilineatus,106.1,18.6,14.8,5.68,2.64,0.64,20.1,0.6,NA,NA,43.9,12.705,5.761,15.728,NA,4.277,58.094,9.16,77.836,0,25.41,11.522,31.456,0,17.108,36.64,155.672,116.188,277.808,238.324,0.158022807,136.1321616,D,0.05,0.03,0.03,22.74,70.8,1,90.58,3105.57,148.19,0.86,5.72,0.31,161.67,80.71,0.05,0.04,0.04,24.48,25.72,100.53,2680.69,145.87,1.01,1.972,6.729,28.22,4.611,4062.402
MJ024,cura4,Amblyglyphidodon,curacao,24.1,10,7.65,4.46,1.32,0.33,3.9,0.1,NA,NA,NA,6.106,4.636,6.502,NA,1.506,24.801,3.98,NA,0,12.212,9.272,13.004,0,6.024,15.92,NA,49.602,NA,106.034,NA,NA,D-,0.02,0.01,0.02,21.4,100.2,1,45.08,3606.72,131.84,0.4,4.15,0.42,107.16,74.93,NA,NA,NA,NA,NA,NA,NA,NA,NA,NA,NA,NA,NA,NA
MJ025,nigr3,Acanthurus,nigrofuscus,51.5,14.04,10.54,5.21,1.74,0.64,10.2,0.5,NA,NA,44.8,7.821,7.444,12.907,NA,1.617,38.249,4.587,46.093,0,15.642,14.888,25.814,0,6.468,18.348,92.186,76.498,173.346,157.658,0.258442652,166.6288199,D,0.01,0.03,0.02,23,82.24,1,92.71,3178.56,153.41,0.69,7.43,0.53,243.79,95.95,0.02,0.03,0.03,30.41,6.43,124.6,4272.1,107.05,0.58,2.151,7.995,33.395,5.29,4849.115
MJ026,bili1,Scolopsis,bilineatus,103.9,18.3,14.7,5.62,2.55,0.64,19.9,0.5,NA,NA,73.1,12.621,5.791,17.262,NA,4.049,57.463,9.478,77.415,0,25.242,11.582,34.524,0,16.196,37.912,154.83,114.926,280.286,240.382,0.260805035,160.3264042,D-,0.08,0.02,0.03,29.65,108.21,1,62.33,2991.79,165.42,0.68,4.74,0.26,117.68,69.25,NA,NA,NA,NA,NA,NA,NA,NA,NA,2.325,8.874,36.269,5.663,5285.912
MJ027,chry3,Sufflamen,chrysopterus,87.2,15.21,12.41,5.88,2.33,0.61,14.7,0.7,NA,NA,59.9,10.477,6.799,1.411,7.729,4.603,53.335,2.917,65.712,0,20.954,13.598,2.822,15.458,18.412,11.668,131.424,106.67,214.336,189.582,0.279467752,152.3292443,D,0.02,0.04,0.03,19.96,91.51,1,84.09,2242.51,153.31,0.78,2.92,0.19,131.46,56.78,0.05,0.05,0.03,21.43,20.53,110.22,2404.87,93.27,0.72,3.681,8.174,34.84,5.5,5068.711
MJ028,mult4,Parupeneus,multifasciatus,63.9,17.1,13.87,3.26,1.96,0.63,12.7,0.5,NA,NA,61.8,9.211,4.084,4.378,4.268,3.42,36.718,4.632,52.484,2.152,18.422,8.168,8.756,8.536,13.68,18.528,104.968,73.436,183.21,151.678,0.337317832,194.2804947,D,0.01,0.03,0.03,26.01,42.03,1,83.88,3355,113.92,1.41,10.6,0.62,307.36,106.79,NA,NA,NA,NA,NA,NA,NA,NA,NA,1.844,10.482,40.932,6.357,5994.638
MJ029,obso1,Lethrinus,obsoletus,190.2,22.6,18.8,6.72,2.91,0.78,37.6,0.8,NA,NA,139.7,21.258,7.441,16.835,NA,5.503,82.72,9.0475,110.238,0,42.516,14.882,33.67,0,22.012,36.19,220.476,165.44,369.746,314.71,0.377826941,202.1176547,D-,0.05,0.03,0.03,23.63,70.38,1,68.85,2065.35,152.62,1.84,7.35,0.33,172.16,107.7,0.04,0.03,0.03,16.33,24.19,72.45,2483.93,33.96,0.78,1.979,9.579,37.417,6.077,5460.393
MJ030,chry5,Sufflamen,chrysopterus,74.6,14.41,11.98,5.67,2.21,0.59,8,1.9,6.1,0.423317141,41.2,8.842,5.723,0.764,6.29,4.758,49.315,2.604,60.294,0,17.684,11.446,1.528,12.58,19.032,10.416,120.588,98.63,193.274,171.316,0.213168869,159.8723197,NA,NA,NA,NA,NA,NA,NA,NA,NA,NA,NA,NA,NA,NA,NA,0.05,0.05,0.05,23.21,15.12,78.55,1570.94,102.64,0.53,2.873,6.608,28.637,4.885,4125.769
MJ031,nigr5,Acanthurus,nigrofuscus,51.3,14.29,11.02,4.86,1.81,0.48,10,0.5,NA,NA,61.6,8.301,7.015,11.875,NA,1.618,38.395,4.848,45.68,0,16.602,14.03,23.75,0,6.472,19.392,91.36,76.79,171.606,157.036,0.358961808,164.0575265,D,0.07,0.02,0.03,34.47,106.77,1,40.2,2411.82,136.41,0.62,5.17,0.36,135.61,78.47,0.03,0.04,0.02,22.81,16.83,152.25,4060,110.27,0.88,2.152,9.186,38.732,6.072,5660.276
MJ032,nigr4,Acanthurus,nigrofuscus,54.2,13.88,10.65,5.1,1.79,0.51,10.7,0.6,NA,NA,52.4,7.624,6.511,12.989,NA,1.638,39.127,5.002,46.81,0,15.248,13.022,25.978,0,6.552,20.008,93.62,78.254,174.428,159.062,0.300410485,183.2739617,D,NA,0.03,0.03,34.31,91.55,1,82.22,3288.64,157.79,0.78,6.95,0.5,166.05,84.43,NA,0.03,0.03,22.14,0,125.95,3778.38,123.51,0.83,2.365,9.778,40.376,6.255,5910.205
MJ033,mela2,Hemigymnus,melapterus,99,17.7,14.24,5.19,2.52,0.78,14.6,0.4,NA,NA,106,19.468,7.384,13.958,NA,3.332,56.556,7.728,70.575,0,38.936,14.768,27.916,0,13.328,30.912,141.15,113.112,267.01,238.972,0.396988877,161.8978899,D,0.03,0.03,0.03,29.48,109.11,1,66.85,2291.86,161.65,1.19,6.87,0.39,210.21,82.53,0.02,0.04,0.03,20.81,18.02,118.59,2846.23,120.99,0.79,2.372,9.805,40.526,6.075,5932.93
MJ034,chry4,Sufflamen,chrysopterus,65.2,14,11.66,5.09,1.99,0.53,9.1,1.8,NA,NA,NA,8.492,5.392,1.321,5.46,5.073,43.19,2.223,NA,0,16.984,10.784,2.642,10.92,20.292,8.892,NA,86.38,NA,156.894,NA,NA,D,0.02,0.04,0.02,25.52,91.5,1,60.08,1602.21,134.97,0.58,3.31,0.24,131.2,98.91,0.03,0.05,0.04,29.26,31.45,112.34,2074.02,149.18,0.39,NA,NA,NA,NA,NA
MJ035,bili3,Scolopsis,bilineatus,68.6,16.1,13,4.82,2.24,0.75,11.8,0.2,NA,NA,25.9,9.451,3.479,11.212,NA,2.415,44.23,6.271,55.668,0,18.902,6.958,22.424,0,9.66,25.084,111.336,88.46,194.364,171.488,0.13325513,208.5067092,D,0.03,0.03,0.02,29.24,33.73,1,113.06,3391.71,143.35,1.08,6.73,0.42,243.81,111.4,0.03,0.04,0.03,22.34,29.04,128.09,3415.71,179.86,0.98,2.113,6.622,28.356,4.872,4083.116
MJ036,bili10,Scolopsis,bilineatus,86.2,17.5,13.6,5.3,2.45,0.73,16,0.5,NA,NA,25.8,10.221,4.57,13.411,NA,3.591,53.931,8.113,66.279,0,20.442,9.14,26.822,0,14.364,32.452,132.558,107.862,235.778,211.082,0.109424968,170.1683804,D-,0.07,0.03,0.04,27.37,79.72,1,79.69,2732.13,156.19,0.99,4.36,0.25,105.74,76.9,0.01,0.05,0.04,20.75,20.84,176.12,3522.36,179.22,1.15,1.838,6.58,28.048,4.567,4036.28
MJ037,bili4,Scolopsis,bilineatus,99.9,17.75,14.3,5.49,2.53,0.78,19.2,0.4,NA,NA,26.9,9.92,4.478,14.14,NA,3.537,59.774,6.564,74.792,0,19.84,8.956,28.28,0,14.148,26.256,149.584,119.548,247.064,217.028,0.108878671,191.9256007,D,0.11,0.05,0.03,24.15,100.59,1,126.72,2534.44,159.55,1.25,5.42,0.31,186.67,93.41,NA,NA,NA,NA,NA,NA,NA,NA,NA,1.839,8.018,33.873,5.44,4921.698
MJ038,bili7,Scolopsis,bilineatus,70.1,16,12.6,4.9,2.25,0.6,12.7,0.4,NA,NA,NA,9.211,3.756,11.938,NA,2.678,44.624,5.859,NA,0,18.422,7.512,23.876,0,10.712,23.436,NA,89.248,NA,173.206,NA,NA,D,0.02,0.02,0.02,30.1,78.96,1,79.63,3822.24,136.26,0.98,6.38,0.4,204.61,92.39,NA,NA,NA,NA,NA,NA,NA,NA,NA,NA,NA,NA,NA,NA
MJ039,bili9,Scolopsis,bilineatus,87.2,17.4,13.8,5.25,2.4,0.64,16.3,0.3,NA,NA,NA,12.506,4.608,14.57,NA,3.515,55.665,8.164,NA,0,25.012,9.216,29.14,0,14.06,32.656,NA,111.33,NA,221.414,NA,NA,NA,NA,NA,NA,NA,NA,NA,NA,NA,NA,NA,NA,NA,NA,NA,0.06,0.03,0.04,28.53,10.06,89.26,2677.86,116.6,0.87,NA,NA,NA,NA,NA
MJ040,bili6,Scolopsis,bilineatus,87.2,17.32,14.06,5.18,2.35,0.67,17.1,0.4,NA,NA,NA,10.293,4.46,14.006,NA,3.666,54.112,5.379,NA,0,20.586,8.92,28.012,0,14.664,21.516,NA,108.224,NA,201.922,NA,NA,NA,NA,NA,NA,NA,NA,NA,NA,NA,NA,NA,NA,NA,NA,NA,0.07,0.04,0.05,21.9,35.26,73.65,1767.6,115.72,0.78,NA,NA,NA,NA,NA
MJ041,puff2,Arothron,nigropunctatus,265.1,21.6,16.6,8.62,8.91,0.64,23.9,0,NA,NA,157.5,26.083,8.296,NA,9.354,NA,100.102,8.469,144.364,0,52.166,16.592,0,18.708,0,33.876,288.728,200.204,410.07,321.546,0.384080767,216.322676,D,NA,0.03,0.04,25.66,138.31,1,14.83,444.87,148.93,0.65,2.21,0.1,48.61,48.02,NA,NA,NA,NA,NA,NA,NA,NA,NA,2.496,8.5,36.381,5.547,5302.97
MJ042,bili8,Scolopsis,bilineatus,90.6,17.2,14.18,5.23,2.42,0.65,18.1,0.5,NA,NA,NA,11.294,3.913,11.684,NA,3.365,52.556,7.991,NA,0,22.588,7.826,23.368,0,13.46,31.964,NA,105.112,NA,204.318,NA,NA,NA,NA,NA,NA,NA,NA,NA,NA,NA,NA,NA,NA,NA,NA,NA,0.05,0.04,0.05,25.03,8.68,114.25,2741.93,148.89,1.22,NA,NA,NA,NA,NA
MJ043,bili5,Scolopsis,bilineatus,87,17.2,14.16,5.3,2.25,0.65,16.6,0.3,NA,NA,NA,10.868,3.775,14.011,NA,3.081,54.331,7.768,NA,0,21.736,7.55,28.022,0,12.324,31.072,NA,108.662,NA,209.366,NA,NA,S,0.03,0.04,0.06,24.69,46.6,1,80.29,1927.03,143.03,0.78,4.17,0.24,94.96,42.62,0.01,0.07,0.07,17.95,16.37,133.65,2004.8,173.14,1.09,NA,NA,NA,NA,NA
MJ044,puff1,Arothron,nigropunctatus,288.1,22.9,17.7,9,8.68,0.65,25.3,0.4,NA,NA,172.1,29.592,9.974,NA,10.25,NA,111.314,11.441,149.875,0,59.184,19.948,0,20.5,0,45.764,299.75,222.628,445.146,368.024,0.386614729,172.9244451,D,NA,0.08,0.08,17.93,68.06,1,57.74,769.87,124.77,0.58,1.58,0.07,43.76,33.28,0.03,0.1,0.1,24.51,13,72.77,727.72,92.25,0.93,2.324,7.806,33.56,5.322,4874.102
MJ045,mult6,Parupeneus,multifasciatus,106.7,20.8,16.8,4.72,2.39,0.8,22.2,0.6,NA,NA,191.3,12.886,5.776,5.196,5.712,4.946,52.72,6.295,73.694,2.488,25.772,11.552,10.392,11.424,19.784,25.18,147.388,105.44,253.98,212.032,0.753208914,148.1066994,D,0.03,0.02,0.03,36.68,137.45,1,32.4,1555.39,123.29,1.01,9.72,0.47,260.91,108.22,0.02,0.04,0.04,11.21,15.32,123.76,3300.37,124.82,1.25,2.216,11.016,41.831,6.359,6131.34
MJ046,cura6,Amblyglyphidodon,curacao,46.3,12.49,9.66,5.36,1.74,0.28,8.5,0.2,NA,NA,NA,9.037,6.57,10.943,NA,2.128,38.409,6.087,NA,0,18.074,13.14,21.886,0,8.512,24.348,NA,76.818,NA,162.778,NA,NA,D-,0.05,0.02,0.03,32.22,64.39,1,57.63,2766.43,120.23,0.59,3.88,0.31,91.01,89.1,0.03,0.02,0.04,24.73,17.19,78.29,3757.97,130.54,0.77,NA,NA,NA,NA,NA
MJ047,nigr6,Acanthurus,nigrofuscus,76.7,15.02,11.71,5.49,2.12,0.5,17.3,0.9,NA,NA,NA,9.798,8.564,14.157,NA,2.03,48.897,5.606,NA,0,19.596,17.128,28.314,0,8.12,22.424,NA,97.794,NA,193.376,NA,NA,D,NA,0.02,0.02,23.33,124,1,43.46,2607.54,128.27,0.65,7.25,0.48,172.72,102.92,NA,NA,NA,NA,NA,NA,NA,NA,NA,NA,NA,NA,NA,NA
MJ048,mult5,Parupeneus,multifasciatus,124.4,20.8,17.5,4.87,2.6,0.79,26.9,0.9,NA,NA,NA,15.16,6.418,5.898,6.453,4.994,60.546,7.65,NA,3.748,30.32,12.836,11.796,12.906,19.976,30.6,NA,121.092,NA,243.274,NA,NA,D,0.04,0.03,0.03,33.96,11.65,1,67.17,2686.64,57.5,1.75,13.5,0.65,278.5,100.6,0.02,0.03,0.03,18.4,41.27,95.54,2866.29,130.24,0.96,NA,NA,NA,NA,NA
MJ049,mela3,Hemigymnus,melapterus,130.47,19.8,15.9,5.83,2.75,0.85,21.02,0.5,NA,NA,135.9,20.82,8.472,15.844,NA,3.165,68.676,8.494,90.666,0,41.64,16.944,31.688,0,12.66,33.976,181.332,137.352,318.24,274.26,0.427036199,104.2744979,D,0.05,0.04,0.04,36.28,15.94,1,91.55,2197.15,107.89,1.68,6.85,0.35,159.21,78.39,NA,NA,NA,NA,NA,NA,NA,NA,NA,2.537,9.076,37.529,5.886,5477.393
MJ050,mela4,Hemigymnus,melapterus,63.54,15.33,12.53,4.71,2,0.67,10.8,0.28,NA,NA,78.8,14.34,5.455,10.215,NA,2.167,41.866,5.612,57.672,0,28.68,10.91,20.43,0,8.668,22.448,115.344,83.732,206.48,174.868,0.381635025,133.8379956,D,0.02,0.03,0.03,20.71,69.12,1,77.24,2648.16,123.86,1.6,9.06,0.59,230.63,90.56,0.03,0.04,0.03,20.02,12.15,121.67,3244.45,132.07,0.74,2.046,10.214,41.587,6.264,6094.16
MJ051,baro1,Chaetodon,baronessa,33.42,10.33,8.6,6.92,1.23,0.26,5,0.15,4.6,0.445304937,22.1,4.398,9.596,17.047,NA,1.266,40.598,2.594,42.13,0,8.796,19.192,34.094,0,5.064,10.376,84.26,81.196,161.782,158.718,0.136603578,221.3974549,D,0.05,0.02,0.02,32.18,84.72,1,54.67,3280.08,134.02,0.56,6.36,0.62,170.22,107.43,0.02,0.03,0.03,27.2,0,110.23,4409.24,100.89,0.93,1.975,6.095,27.277,4.591,3919.074
MJ052,baro2,Chaetodon,baronessa,32.62,10.12,8.37,6.72,1.25,0.2,5.02,0.2,NA,NA,26.7,3.705,7.464,16.318,NA,1.188,38.678,2.612,43.243,0,7.41,14.928,32.636,0,4.752,10.448,86.486,77.356,156.66,147.53,0.170432784,109.1566028,D,NA,0.01,0.03,35.94,112.7,1,40.05,3204.32,134.98,0.46,4.93,0.49,112.48,50.11,NA,NA,NA,NA,NA,NA,NA,NA,NA,1.937,7.211,32.065,4.856,4646.948
MJ053,cura7,Amblyglyphidodon,curacao,34.64,11.01,8.41,5,1.52,0.31,6.31,0.14,NA,NA,24,5.774,4.965,8.181,NA,1.74,32.527,4.859,37.365,0,11.548,9.93,16.362,0,6.96,19.436,74.73,65.054,138.966,129.29,0.172704115,196.6996495,D-,0.06,0.02,0.03,33.34,73.87,1,68.16,3271.54,157.55,0.62,5.47,0.5,150.91,79.09,0.03,0.03,0.02,23.04,0,121.85,4874,110.45,0.75,1.914,9.119,39.146,5.923,5723.168
MJ054,mult7,Parupeneus,multifasciatus,68.65,17.4,14.45,4.02,1.98,0.63,14.64,0.24,NA,NA,NA,11.53,4.476,5.055,4.661,3.329,40.275,5.461,NA,2.616,23.06,8.952,10.11,9.322,13.316,21.844,NA,80.55,NA,169.77,NA,NA,D,0.07,0.03,0.03,40.56,118.52,1,64.7,2587.8,164.58,1.46,8.71,0.5,244.93,84.89,0.02,0.03,0.03,24.49,20.93,103.91,3117.36,105.34,1.11,NA,NA,NA,NA,NA
MJ055,nigr7,Acanthurus,nigrofuscus,44.67,13,9.67,4.66,1.67,0.48,8.87,0.47,NA,NA,NA,7.167,6.329,11.034,NA,1.782,35.447,4.16,NA,0,14.334,12.658,22.068,0,7.128,16.64,NA,70.894,NA,143.722,NA,NA,D,NA,0.02,0.02,20.1,56.81,1,72.02,3456.91,124.28,1.05,7.77,0.6,190.99,88.1,NA,0.03,0.02,21.82,43.79,94.52,3780.64,129.21,0.79,NA,NA,NA,NA,NA
MJ056,doli10,Siganus,doliatus,98.41,16.6,13.44,6.68,2.01,0.53,20.94,0.56,NA,NA,NA,13.011,12.082,19.958,NA,2.52,68.091,7.854,NA,0,26.022,24.164,39.916,0,10.08,31.416,NA,136.182,NA,267.78,NA,NA,D,0.07,0.03,0.03,18.47,82.18,1,45.44,1817.68,124.4,0.63,5.53,0.33,191.03,69.12,0.05,0.04,0.03,21.81,6.05,103.99,2773.07,90.29,1.1,NA,NA,NA,NA,NA
MJ057,nigr8,Acanthurus,nigrofuscus,44.99,13.83,10.06,4.8,1.67,0.53,8.8,0.37,NA,NA,NA,7.689,6.966,12.203,NA,1.552,34.444,4.667,NA,0,15.378,13.932,24.406,0,6.208,18.668,NA,68.888,NA,147.48,NA,NA,D,NA,0.02,0.02,33.08,71.51,1,57.26,2748.53,123.71,0.85,7.65,0.55,214.38,77.69,NA,NA,NA,NA,NA,NA,NA,NA,NA,NA,NA,NA,NA,NA
MJ058,cura8,Amblyglyphidodon,curacao,37,11.33,8.63,5.15,1.58,0.33,6.7,0.3,3.88,0.342453663,NA,7.139,5.828,10.591,NA,2.512,33.578,5.012,NA,0,14.278,11.656,21.182,0,10.048,20.048,NA,67.156,NA,144.368,NA,NA,D-,0.08,0.02,0.03,36.13,52.07,1,72.8,3494.21,123.95,0.77,6.25,0.55,170.76,79.88,0.03,0.03,0.02,23.13,0,120.82,4832.92,111.57,0.6,NA,NA,NA,NA,NA
MJ059,baro3,Chaetodon,baronessa,27.56,9.67,8.11,6.32,1.07,0.21,4.15,0.14,NA,NA,20.7,3.24,7.764,15.407,NA,1.376,33.836,2.322,37.027,0,6.48,15.528,30.814,0,5.504,9.288,74.054,67.672,141.668,135.286,0.146116272,185.8074596,D,NA,0.02,0.02,20.93,92.83,1,73.75,3539.81,147.87,0.5,6.78,0.7,181.68,110.35,NA,0.03,0.03,23.43,13.25,134.64,4616.33,145.92,0.96,1.907,6.283,28.501,4.521,4105.117
MJ060,mela5,Hemigymnus,melapterus,53.66,14.73,11.65,4.23,1.74,0.63,9.18,0.3,NA,NA,151.4,11.635,5.287,9.385,NA,1.783,36.784,4.95,48.016,0,23.27,10.574,18.77,0,7.132,19.8,96.032,73.568,175.578,153.114,0.862294821,86.02277306,D-,0.04,0.03,0.04,24.57,72.6,1,88.11,2643.42,161.98,1.74,5.99,0.41,131.16,86.32,0.03,0.03,0.03,16.18,27.49,92.91,3716.2,120.62,0.66,1.933,10.373,42.327,6.358,6206.685
MJ061,chry6,Sufflamen,chrysopterus,84.9,14.78,12.03,5.26,2.45,0.69,11.35,0.73,NA,NA,86.7,8.802,6.139,1.31,6.64,4.787,49.751,2.471,59.894,0,17.604,12.278,2.62,13.28,19.148,9.884,119.788,99.502,194.602,174.316,0.445524712,142.5284739,D,0.06,0.03,0.03,34.27,80.34,1,49.76,1990.56,117.57,0.5,3.92,0.27,124.26,76.44,0.03,0.04,0.02,26.9,16.5,76.15,2030.56,77.13,0.59,2.564,9.285,41.223,6.354,6038.822
MJ062,quin1,Lutjanus,quinquelineatus,75.77,16.66,13.8,4.98,2.27,0.63,15.65,0.24,NA,NA,60.5,9.445,3.434,12.172,NA,2.79,50.863,5.927,62.49,0,18.89,6.868,24.344,0,11.16,23.708,124.98,101.726,209.95,186.696,0.288163849,226.1056318,S,NA,0.03,0.05,18.19,86.1,1,60.89,1826.64,149.65,1.17,3.71,0.22,92.61,80.34,0.02,0.05,0.06,26.19,18.8,131.15,2622.94,155.17,1.13,2.07,8.294,33.034,5.186,4794.107
MJ063,nigr9,Acanthurus,nigrofuscus,49.6,13.65,10.08,4.92,1.68,0.62,10.65,0.49,NA,NA,NA,8.252,7.733,12.186,NA,1.715,37.116,5.044,NA,0,16.504,15.466,24.372,0,6.86,20.176,NA,74.232,NA,157.61,NA,NA,D,NA,0.02,0.02,28.17,125.79,1,51.11,3066.66,138.76,0.62,7.34,0.54,190.88,108.34,NA,NA,NA,NA,NA,NA,NA,NA,NA,NA,NA,NA,NA,NA
MJ064,mult8,Parupeneus,multifasciatus,69.49,17.3,14.26,3.96,2.02,0.61,14.53,0.4,NA,NA,NA,10.2,4.198,4.596,4.199,3.213,38.982,5.486,NA,2.396,20.4,8.396,9.192,8.398,12.852,21.944,NA,77.964,NA,161.542,NA,NA,D,0.01,0.02,0.02,27.07,64.6,1,57.65,2767.34,111.33,0.84,8.07,0.47,224.28,128.68,0.01,0.03,0.03,20.66,44.89,70.71,2828.52,90.27,0.96,NA,NA,NA,NA,NA
MJ065,cura9,Amblyglyphidodon,curacao,40.79,11.71,8.94,5.32,1.57,0.37,7.87,0.26,NA,NA,NA,7.494,7.283,11.472,NA,2.268,34.557,5.06,NA,0,14.988,14.566,22.944,0,9.072,20.24,NA,69.114,NA,150.924,NA,NA,D-,0.03,0.02,0.03,37.64,91.72,1,61.9,3713.76,144.36,0.52,4.26,0.36,110.43,64.38,0.04,0.03,0.03,32.33,4.58,103.25,4130,112.68,0.49,NA,NA,NA,NA,NA
MJ066,nigr10,Acanthurus,nigrofuscus,51.5,14.12,10.22,5.07,1.75,0.45,10.6,0.54,NA,NA,NA,7.991,8.069,13.55,NA,1.893,37.465,4.749,NA,0,15.982,16.138,27.1,0,7.572,18.996,NA,74.93,NA,160.718,NA,NA,D,NA,0.02,0.02,25.97,79.56,1,63.63,3054,117.11,0.88,8.17,0.58,236.79,104.7,NA,0.03,0.02,22.74,34.15,119.79,4107.12,140.19,0.69,NA,NA,NA,NA,NA
MJ067,chry7,Sufflamen,chrysopterus,64.05,13.48,10.86,4.98,2.12,0.6,9.44,0.78,NA,NA,NA,7.733,5.45,1.672,5.868,4.899,42.267,2.401,NA,0,15.466,10.9,3.344,11.736,19.596,9.604,NA,84.534,NA,155.18,NA,NA,D,0.08,0.03,0.02,31.58,106.5,1,50.64,2025.68,138.7,0.5,4.39,0.33,146.74,92.69,0.03,0.04,0.03,25.2,9.97,101.05,2425.18,80.25,0.65,NA,NA,NA,NA,NA
MJ068,puff3,Arothron,nigropunctatus,108.09,15.7,12.44,6.36,5.83,0.51,9.37,0.29,NA,NA,35.5,12.242,4.844,NA,4.963,NA,55.254,5.431,77.909,0,24.484,9.688,0,9.926,0,21.724,155.818,110.508,221.64,176.33,0.160169644,82.78825353,D,NA,0.03,0.03,30.14,123.92,-1,21.95,878,112.81,0.6,2.29,0.15,54.67,51.94,NA,0.11,0.08,20.68,44.81,131.3,1211.99,194.05,0.26,1.975,4.583,21.609,3.513,3057.642
MJ069,sexs1,Pomacanthus,sexstriatus,215.67,20.1,16.4,9.63,2.9,0.45,31.38,1.47,NA,NA,103.8,17.279,23.835,39.176,NA,8.245,120.439,11.615,130.236,0,34.558,47.67,78.352,0,32.98,46.46,260.472,240.878,500.492,480.898,0.207395922,44.02981682,S,NA,0.04,0.06,20.88,82.25,1,71.73,1721.42,174.52,1.52,4.82,0.24,108.39,77.37,NA,0.11,0.11,21.34,0,83.77,744.6,108.63,1.51,2.107,3.93,17.932,3.138,2498.633
MJ070,obso3,Lethrinus,obsoletus,160.91,21.5,17.4,6.3,2.81,0.97,35.27,1.07,NA,NA,99.3,18.789,6.187,14.761,NA,4.379,77.574,5.182,108.125,0,37.578,12.374,29.522,0,17.516,20.728,216.25,155.148,333.968,272.866,0.297333876,174.6910885,D,0.05,0.04,0.04,14.86,160.94,1,42.77,1026.53,170.98,0.88,6.05,0.28,192.82,101.57,NA,NA,NA,NA,NA,NA,NA,NA,NA,2.217,7.652,29.93,4.9,4322.288
MJ071,quin3,Lutjanus,quinquelineatus,69.27,15.9,12.89,4.66,1.95,0.55,14.64,0.28,NA,NA,40.1,8.717,3.19,10.133,NA,2.329,43.33,5.863,60.008,0,17.434,6.38,20.266,0,9.316,23.452,120.016,86.66,196.864,163.508,0.203693921,144.3852414,D,NA,0.03,0.04,24.43,123.51,1,105.58,3620.02,140.59,0.88,5.71,0.36,152.67,78.22,NA,NA,NA,NA,NA,NA,NA,NA,NA,1.912,7.741,30.73,4.963,4444.018
MJ072,baro4,Chaetodon,baronessa,21.17,9.11,7.3,5.78,1.1,1.15,3.41,0.11,NA,NA,17.1,2.879,5.328,14.556,NA,0.653,30.116,2.135,32.6,0,5.758,10.656,29.112,0,2.612,8.54,65.2,60.232,121.878,116.91,0.140304239,147.8590546,D,NA,0.02,0.02,20.23,116.71,1,52.54,3152.46,159.69,0.5,6.04,0.66,164.87,99.8,NA,NA,NA,NA,NA,NA,NA,NA,NA,1.989,4.981,22.895,3.775,3252.98
MJ073,cura10,Amblyglyphidodon,curacao,28.34,11.41,8.44,4.78,1.51,0.3,5.21,0.24,NA,NA,NA,5.441,4.037,7.736,NA,1.976,28.326,3.2085,NA,0,10.882,8.074,15.472,0,7.904,12.834,NA,56.652,NA,111.818,NA,NA,D,0.05,0.01,0.02,26.94,87.78,1,60.86,4868.88,107.11,0.59,8.79,0.77,232.63,149.1,0.04,0.03,0.02,25.59,3.74,91.08,3643.24,94.93,0.6,NA,NA,NA,NA,NA
MJ074,chry9,Sufflamen,chrysopterus,64.5,13.78,11.22,5.12,2.06,0.66,9.42,0.66,NA,NA,NA,8.711,5.495,1.28,6.237,5.212,46.514,2.145,NA,0,17.422,10.99,2.56,12.474,20.848,8.58,NA,93.028,NA,165.902,NA,NA,D,0.05,0.02,0.03,26.99,122.29,1,39.97,1918.66,146.04,0.44,4.73,0.34,177.84,95.3,NA,NA,NA,NA,NA,NA,NA,NA,NA,NA,NA,NA,NA,NA
MJ075,mult9,Parupeneus,multifasciatus,52.05,16.2,12.98,3.64,1.84,0.5,11.47,0.2,NA,NA,NA,8.725,3.66,3.903,3.621,3.149,32.609,4.983,NA,1.828,17.45,7.32,7.806,7.242,12.596,19.932,NA,65.218,NA,139.392,NA,NA,D,NA,0.04,0.04,30.55,69.18,1,146.7,3520.82,159.33,1.48,6.08,0.38,142.15,75.01,0.06,0.03,0.03,23.07,35.18,87,2982.99,115.46,1.17,NA,NA,NA,NA,NA
MJ076,quin2,Lutjanus,quinquelineatus,55.05,14.73,11.5,4.42,2,0.54,10.05,0.1,NA,NA,38.1,8.786,3.387,9.729,NA,3.427,41.603,4.337,54.276,0,17.572,6.774,19.458,0,13.708,17.348,108.552,83.206,183.412,158.066,0.207729047,183.928924,D,NA,0.02,0.02,30.34,82.24,1,35.52,1704.86,89.31,0.58,5.16,0.35,202.81,140.87,NA,NA,NA,NA,NA,NA,NA,NA,NA,3.007,6.488,26.246,4.352,3762.367
MJ077,sexs2,Pomacanthus,sexstriatus,196.8,20.2,16.6,8.91,2.74,0.53,29.93,1.27,NA,NA,61.7,15.184,20.988,38.201,NA,7.583,103.64,11.161,126.871,0,30.368,41.976,76.402,0,30.332,44.644,253.742,207.28,477.464,431.002,0.129224402,60.97066563,S,NA,0.05,0.07,25.62,79.58,1,67.17,1343.38,148.86,1.44,2.54,0.13,70.71,25.95,NA,0.07,0.07,19.38,37.51,90.13,1272.45,156.36,0.99,2.125,3.874,17.861,3.588,2487.946
MJ078,obso2,Lethrinus,obsoletus,139.77,20.2,15.9,6.36,2.55,0.91,27.69,1.04,NA,NA,111.6,16.415,5.035,10.959,NA,2.363,65.605,10.318,90.271,0,32.83,10.07,21.918,0,9.452,41.272,180.542,131.21,296.084,246.752,0.376920063,233.6719064,D,0.03,0.03,0.03,21.57,167.09,-1,133.24,4568.37,149.19,1.56,9.82,0.49,278.69,82.19,NA,0.04,0.05,23.29,11.19,135.4,3610.69,141.59,1.52,2.183,8.711,34.577,5.463,5028.769
MJ079,mela6,Hemigymnus,melapterus,183.89,21.9,17.3,6.35,2.97,0.75,32.68,1.02,NA,NA,NA,28.8,11.509,16.9,NA,3.898,78.37,11.016,NA,0,57.6,23.018,33.8,0,15.592,44.064,NA,156.74,NA,330.814,NA,NA,D-,0.08,0.04,0.05,23.55,86.79,1,78.04,1872.96,158.29,1.44,4.61,0.21,136.97,76.94,0.05,0.04,0.05,24.77,1.97,110.3,2647.25,134.02,1.11,NA,NA,NA,NA,NA
MJ080,chry8,Sufflamen,chrysopterus,72.88,14.01,11.52,5.32,2.31,0.7,9.45,0.93,NA,NA,NA,9.118,6.036,1.4,6.887,4.896,48.839,2.761,NA,0,18.236,12.072,2.8,13.774,19.584,11.044,NA,97.678,NA,175.188,NA,NA,D,NA,0.03,0.03,29.3,103.16,1,36.4,1247.97,126.63,0.75,3.87,0.28,140.61,83.8,NA,0.04,0.04,23.26,42.74,71.35,1712.45,126.51,0.4,NA,NA,NA,NA,NA
MJ081,obso4,Lethrinus,obsoletus,196.43,22.9,18.4,6.61,2.9,0.91,43.77,1.2,NA,NA,132.7,22.13,7.956,16.034,NA,4.963,77.856,9.499,110.005,0,44.26,15.912,32.068,0,19.852,37.996,220.01,155.712,370.098,305.8,0.35855368,230.4998494,D-,0.02,0.03,0.03,15.39,73.74,1,38.38,1315.71,102.83,1.61,8.4,0.37,228.88,130.27,NA,NA,NA,NA,NA,NA,NA,NA,NA,1.801,8.086,31.284,5.541,4528.219
MJ082,chry10,Sufflamen,chrysopterus,73.88,14.6,11.79,5.33,2.13,0.64,10.48,1.08,NA,NA,NA,9.532,6.434,1.187,6.994,5.313,49.309,3.029,NA,0,19.064,12.868,2.374,13.988,21.252,12.116,NA,98.618,NA,180.28,NA,NA,D,0.1,0.03,0.02,28.11,50.49,1,76.42,2619.98,115.43,0.87,4.76,0.33,107.07,69.89,0.08,0.03,0.04,30.34,19.06,53.68,1610.31,85.8,0.33,NA,NA,NA,NA,NA
MJ083,mult10,Parupeneus,multifasciatus,75.23,17.8,14.47,4.03,2.09,0.56,17.48,0.49,NA,NA,NA,11.419,4.614,4.452,4.569,3.275,40.399,5.15,NA,2.1,22.838,9.228,8.904,9.138,13.1,20.6,NA,80.798,NA,166.706,NA,NA,D,0.02,0.02,0.03,34.73,158.95,1,56.23,2699.18,164.66,1.19,8.73,0.49,245.29,123.48,0.01,0.04,0.03,18.74,37.2,129.81,3115.34,138.78,1.26,NA,NA,NA,NA,NA
MJ084,baro5,Chaetodon,baronessa,21.68,8.86,7.41,5.38,1.09,0.14,3.65,0.11,NA,NA,22.6,2.281,4.555,10.784,NA,0.813,30.458,1.671,34.135,0,4.562,9.11,21.568,0,3.252,6.684,68.27,60.916,113.446,106.092,0.199213723,192.4079198,D,NA,0.02,0.02,31.06,54.98,1,88.04,4225.87,136.15,0.51,4.92,0.55,147.13,82.15,NA,NA,NA,NA,NA,NA,NA,NA,NA,2.444,7.76,32.884,5.078,4771.333
MJ085,mela7,Hemigymnus,melapterus,158.95,21.2,15.3,6.38,2.8,0.75,27.14,0.75,NA,NA,NA,27.467,10.751,20.238,NA,3.82,76.683,8.445,NA,0,54.934,21.502,40.476,0,15.28,33.78,NA,153.366,NA,319.338,NA,NA,NA,NA,NA,NA,NA,NA,NA,NA,NA,NA,NA,NA,NA,NA,NA,NA,0.05,0.05,31.34,11.83,137.93,2546.42,143.58,1,NA,NA,NA,NA,NA
MJ086,baro6,Chaetodon,baronessa,26.78,NA,8,5.88,1.08,0.16,3.68,0.15,NA,NA,NA,2.025,8.134,13.631,NA,1.337,33.552,2.284,NA,0,4.05,16.268,27.262,0,5.348,9.136,NA,67.104,NA,129.168,NA,NA,NA,NA,NA,NA,NA,NA,NA,NA,NA,NA,NA,NA,NA,NA,NA,NA,0.03,0.02,17.06,33.49,111.25,4449.8,135.14,0.73,NA,NA,NA,NA,NA
MJ087,baro7,Chaetodon,baronessa,16.49,8,6.71,4.85,0.98,0.12,3.14,0.14,NA,NA,NA,2.424,5.162,10.951,NA,0.992,22.931,1.754,NA,0,4.848,10.324,21.902,0,3.968,7.016,NA,45.862,NA,93.92,NA,NA,D,NA,0.02,0.02,22.91,80.85,1,82.39,4943.4,151.62,0.42,5.22,0.65,133.6,82.7,NA,0.02,0.02,18.32,27.93,103.47,4966.32,123.42,0.94,NA,NA,NA,NA,NA
MJ088,flav1,Scarus,flavipectoralis,72.48,16.6,13.2,4.17,2.09,0.65,16.45,0.51,NA,NA,192.8,11.426,4.308,12.599,NA,2.318,42.346,4.262,56.738,0,22.852,8.616,25.198,0,9.272,17.048,113.476,84.692,196.462,167.678,0.981360263,62.69050877,D,NA,0.02,0.02,35.29,77.68,1,69.06,3314.78,111.2,0.59,8.46,0.51,225.45,130.24,NA,0.03,0.03,22.98,0,106.46,3650.09,80.26,0.81,2.806,10.082,42.54,6.385,6239.091
MJ089,flav2,Scarus,flavipectoralis,50.41,15.04,11.72,3.71,1.83,0.53,10.44,0.34,NA,NA,166.2,9.126,4.414,9.803,NA,1.725,32.836,3.143,43.273,0,18.252,8.828,19.606,0,6.9,12.572,86.546,65.672,152.704,131.83,1.088380134,79.04610513,D,NA,0.02,0.02,24.97,97.99,1,56.85,3411.18,109.06,0.58,8.2,0.55,301.75,158.04,NA,0.02,0.03,25.76,38.62,68.96,3310.03,89.96,0.86,1.849,10.251,42.801,6.529,6278.807
MJ090,baro8,Chaetodon,baronessa,31.61,9.89,8.5,6.72,1.22,0.2,4.47,0.1,NA,NA,NA,4.31,8.695,19.674,NA,1.399,38.61,2.66,NA,0,8.62,17.39,39.348,0,5.596,10.64,NA,77.22,NA,158.814,NA,NA,D,NA,0.03,0.03,18.77,63.25,1,86.21,3448.24,126.4,0.5,5.6,0.57,177.46,85.64,NA,0.03,0.03,14.93,31.89,117.78,4038.03,145.71,0.77,NA,NA,NA,NA,NA
MJ091,baro9,Chaetodon,baronessa,31.66,10.24,8.31,6.69,1.17,0.23,4.6,0.13,NA,NA,NA,5.157,11.09,23.297,NA,2.001,38.864,2.969,NA,0,10.314,22.18,46.594,0,8.004,11.876,NA,77.728,NA,176.696,NA,NA,D,NA,0.02,0.02,31.96,114.1,1,54.65,3278.82,149.66,0.37,6.03,0.59,170.04,83.98,NA,NA,NA,NA,NA,NA,NA,NA,NA,NA,NA,NA,NA,NA
MJ092,baro10,Chaetodon,baronessa,35.72,10.47,8.75,7.15,1.22,0.29,5.12,0.09,NA,NA,NA,5.467,10.277,23.227,NA,1.894,41.75,3.209,NA,0,10.934,20.554,46.454,0,7.576,12.836,NA,83.5,NA,181.854,NA,NA,D,NA,0.03,0.02,24.42,76.03,1,93.3,3732.08,158.32,0.6,8.87,0.85,253.15,132,NA,0.03,0.02,25.83,21.68,115.94,4637.44,134.42,0.8,NA,NA,NA,NA,NA
MJ093,flav4,Scarus,flavipectoralis,116.84,19.5,15.18,4.95,2.65,0.87,21.66,0.73,7.81,0.400512821,243.7,16.211,7.018,15.303,NA,2.2,55.768,6.706,78.067,0,32.422,14.036,30.606,0,8.8,26.824,156.134,111.536,268.822,224.224,0.906547827,100.7485786,D,NA,0.03,0.03,29.22,128.65,1,72.9,2915.88,177.95,1,7.33,0.38,193.06,60.81,NA,NA,NA,NA,NA,NA,NA,NA,NA,2.595,9.9,42.299,6.56,6202.524
MJ094,sexs3,Pomacanthus,sexstriatus,205.67,20.1,16.6,8.78,2.85,0.65,28.97,1.58,8.5,0.422885572,14.6,15.497,22.071,39.58,NA,7.802,108.973,10.77,126.602,0,30.994,44.142,79.16,0,31.208,43.08,253.204,217.946,481.788,446.53,0.030303785,19.97451439,S,NA,0.04,0.07,17.67,73.89,1,35.76,953.57,123.33,1.21,3.56,0.18,83.55,51.87,NA,0.08,0.08,16.93,43.56,58.93,785.68,127.32,1.27,1.919,4.911,21.954,3.645,3109.96
MJ095,flav5,Scarus,flavipectoralis,75.02,16.8,13.08,4.11,2.14,0.8,16.78,0.51,NA,NA,135.4,12.382,6.035,12.597,NA,2.156,43.849,4.827,58.849,0,24.764,12.07,25.194,0,8.624,19.308,117.698,87.698,207.658,177.658,0.652033632,86.47408819,D,0.06,0.02,0.03,30.35,78.96,-1,81.91,3931.82,5.93,0.76,6.28,0.37,168.27,75.87,NA,NA,NA,NA,NA,NA,NA,NA,NA,1.899,10.094,42.542,6.494,6239.353
MJ096,flav3,Scarus,flavipectoralis,81.33,17.4,13.47,4.14,2.22,0.82,18.09,0.5,NA,NA,181.7,14.023,6.689,14.345,NA,2.594,46.01,5.256,60.856,0,28.046,13.378,28.69,0,10.376,21.024,121.712,92.02,223.226,193.534,0.813973283,101.0347181,D-,0.02,0.03,0.04,22.34,76.03,1,101.89,3493.34,178.42,1.13,6.54,0.38,180.4,132.22,0.03,0.04,0.03,17.26,26.42,164.39,4383.76,171.13,1.35,1.898,10.194,42.988,6.572,6307.161
MJ097,mela8,Hemigymnus,melapterus,131.93,20.6,15.9,6.02,2.81,0.8,21.82,0.9,7.9,0.383495146,NA,23.852,8.846,17.119,NA,3.38,66.619,9.267,NA,0,47.704,17.692,34.238,0,13.52,37.068,NA,133.238,NA,283.46,NA,NA,D,0.07,0.02,0.02,26.86,117.04,-1,30.56,1466.88,108.52,1.33,8.38,0.41,253.36,97.38,0.07,0.05,0.05,28.76,44.79,103.4,1908.94,153.41,1.08,NA,NA,NA,NA,NA
MJ098,mela9,Hemigymnus,melapterus,75.99,16.5,12.44,4.94,2.2,0.62,13.16,0.43,NA,NA,NA,16.464,6.052,11.53,NA,2.26,48.02,6.033,NA,0,32.928,12.104,23.06,0,9.04,24.132,NA,96.04,NA,197.304,NA,NA,D,0.03,0.02,0.03,19.46,80.13,-1,37.67,2260.32,69.16,0.9,5.79,0.35,184.75,96.41,0.08,0.03,0.03,35.35,22.31,118.27,3548.19,146.82,1.18,NA,NA,NA,NA,NA
MJ099,quin4,Lutjanus,quinquelineatus,51.22,14.88,11.66,4.12,1.94,0.56,9.79,0.24,5.49,0.368951613,38,8.714,2.971,9.047,NA,2.012,36.005,4.719,50.931,0,17.428,5.942,18.094,0,8.048,18.876,101.862,72.01,170.25,140.398,0.223201175,231.668054,D,NA,0.03,0.03,17.91,67.6,1,81.95,3278,151.83,1.48,7.87,0.53,211.33,117.42,0.03,0.03,0.03,23.8,24.73,129.11,3873.42,145.61,1.13,1.89,8.391,33.342,5.216,4840.966
MJ100,flav6,Scarus,flavipectoralis,58.31,15.4,12,3.84,1.97,0.74,12.71,0.4,6.22,0.403896104,NA,11.223,4.977,11.141,NA,1.928,37.407,4.576,NA,0,22.446,9.954,22.282,0,7.712,18.304,NA,74.814,NA,155.512,NA,NA,D,NA,0.02,0.02,21.62,55.21,1,82.27,3948.82,103.88,0.83,10.11,0.66,254.67,92.95,0.01,0.03,0.03,17.07,3.06,148.29,4448.7,121.68,0.61,NA,NA,NA,NA,NA
MJ101,flav7,Scarus,flavipectoralis,54.89,15.5,11.96,3.75,1.9,0.75,11.94,0.37,6.08,0.392258065,NA,10.655,4.783,11.152,NA,1.972,36.163,4.816,NA,0,21.31,9.566,22.304,0,7.888,19.264,NA,72.326,NA,152.658,NA,NA,D,0.03,0.03,0.02,17.08,131.42,1,59.09,2363.52,168.6,0.35,5.51,0.36,180.96,103.35,0.03,0.03,0.03,17.76,36.54,135.74,4072.05,76.87,0.61,NA,NA,NA,NA,NA
MJ102,quin6,Lutjanus,quinquelineatus,70.46,16.5,13.05,4.97,2.19,0.63,14.56,0.33,6.12,0.370909091,39.3,10.076,3.473,12.315,NA,3.35,51.745,5.812,63.024,0,20.152,6.946,24.63,0,13.4,23.248,126.048,103.49,214.424,191.866,0.183281722,175.0653304,D,NA,0.01,0.03,22.82,99.87,1,40.48,3238.48,122.25,0.61,7.78,0.47,186.51,83.19,NA,0.03,0.04,22.41,14.74,118.42,3552.45,139.03,0.93,2.336,6.868,27.787,4.529,3996.63
MJ103,flav8,Scarus,flavipectoralis,69.71,16.1,12.82,4,2.14,0.65,14.64,0.43,6.5,0.403726708,NA,12.493,5.126,11.748,NA,2.156,42.23,5.146,NA,0,24.986,10.252,23.496,0,8.624,20.584,NA,84.46,NA,172.402,NA,NA,D,0.07,0.03,0.03,29.32,117.47,1,54.59,1871.79,127.38,0.82,7.79,0.48,203.38,111.93,NA,NA,NA,NA,NA,NA,NA,NA,NA,NA,NA,NA,NA,NA
MJ104,obso5,Lethrinus,obsoletus,212.82,24.3,19.5,6.78,3.07,0.86,47.53,1.27,9.67,0.397942387,72.8,20.569,6.459,14.048,NA,3.987,89.876,7.559,119.137,0,41.138,12.918,28.096,0,15.948,30.236,238.274,179.752,366.61,308.088,0.198576144,142.3181035,D,0.04,0.03,0.04,25.86,111.31,-1,48.57,1457.04,66.1,1.5,6.66,0.27,170.13,74.17,NA,0.04,0.05,NA,NA,94.46,2266.97,NA,1.86,2.018,8.083,31.484,5.151,4558.546
MJ105,quin5,Lutjanus,quinquelineatus,58.79,15.33,12.28,4.51,2,0.47,11.55,0.33,5.84,0.380952381,NA,9.166,3.466,10.594,NA,2.129,38.931,5.045,NA,0,18.332,6.932,21.188,0,8.516,20.18,NA,77.862,NA,153.01,NA,NA,D-,0.06,0.03,0.03,24.38,86.31,1,37.16,1486.52,125.23,0.48,3.63,0.24,87.6,56.04,NA,0.04,0.05,20.17,27.53,140.06,3361.54,177.74,0.88,NA,NA,NA,NA,NA
MJ106,stri2,Ctenochaetus,striatus,103.91,16.8,12.26,6.52,2.17,0.63,22.41,1.03,6.15,0.366071429,141,14.302,14.145,21.28,NA,2.124,58.752,8.47,76.414,0,28.604,28.29,42.56,0,8.496,33.88,152.828,117.504,294.658,259.334,0.478520861,296.6922294,D,NA,0.03,0.03,24.49,78.47,1,76.91,3076.52,143.78,1.1,7.02,0.42,209.55,103.25,NA,0.04,0.04,22.59,27.67,84.46,2252.32,129.73,0.82,1.515,10.502,43.092,6.982,6323.005
MJ107,stri1,Ctenochaetus,striatus,64.73,15.9,11.31,5.5,1.8,0.56,13.44,0.71,5.48,0.344654088,50.6,10.58,10.645,16.192,NA,1.542,48.147,4.769,57.258,0,21.16,21.29,32.384,0,6.168,19.076,114.516,96.294,214.594,196.372,0.235794104,205.8736384,S,0.07,0.03,0.04,28.17,84.65,1,36.92,1476.6,136.03,1.11,5.34,0.34,118.86,81.63,NA,NA,NA,NA,NA,NA,NA,NA,NA,1.796,8.392,39.786,6.09,5820.548
MJ108,mela10,Hemigymnus,melapterus,162.52,20.8,16.6,5.96,2.72,0.66,26.91,0.91,8.08,0.388461538,NA,26.515,11.891,18.973,NA,3.86,73.477,10.081,NA,0,53.03,23.782,37.946,0,15.44,40.324,NA,146.954,NA,317.476,NA,NA,D-,0.07,0.03,0.03,29.11,76.9,1,48.65,1667.93,115.56,1.41,5.44,0.26,121.98,106.64,0.02,0.04,0.03,25.8,26.04,112.65,2703.65,127.07,1.19,NA,NA,NA,NA,NA
MJ109,quin8,Lutjanus,quinquelineatus,57.81,15.5,12.18,4.2,1.94,0.36,11.36,0.25,5.65,0.364516129,NA,10.104,3.1,10.333,NA,2.671,37.732,6.191,NA,0,20.208,6.2,20.666,0,10.684,24.764,NA,75.464,NA,157.986,NA,NA,D,0.08,0.02,0.02,28.18,142.79,-1,52.73,2530.9,107.78,1.46,10.76,0.69,273.59,157.45,0.03,0.04,0.03,20.71,24.31,157.4,3777.48,173.38,1.26,NA,NA,NA,NA,NA
MJ110,quin7,Lutjanus,quinquelineatus,48.65,14.52,11.65,4.04,1.86,0.41,9.79,0.19,5.58,0.384297521,NA,9.201,3.154,9.732,NA,2.552,35.488,5.132,NA,0,18.402,6.308,19.464,0,10.208,20.528,NA,70.976,NA,145.886,NA,NA,NA,NA,NA,NA,NA,NA,NA,NA,NA,NA,NA,NA,NA,NA,NA,0.02,0.03,0.02,26.23,39.44,121.73,4173.57,75.93,1.16,NA,NA,NA,NA,NA
MJ111,nigr11,Acanthurus,nigrofuscus,53.74,14.86,10.81,4.94,1.74,0.56,11.88,0.65,5.22,0.3512786,NA,8.953,8.302,13.396,NA,1.788,42.098,5.219,NA,0,17.906,16.604,26.792,0,7.152,20.876,NA,84.196,NA,173.526,NA,NA,D,NA,0.02,0.02,33.38,113.72,1,76.39,3666.62,156.73,0.95,9.29,0.62,247.9,100.19,NA,NA,NA,NA,NA,NA,NA,NA,NA,NA,NA,NA,NA,NA
MJ112,mult11,Parupeneus,multifasciatus,92.95,19.5,16,4.42,2.19,0.5,15.25,0.57,7.65,0.392307692,NA,11.658,4.867,4.699,4.81,4.294,48.78,8.258,NA,4.152,23.316,9.734,9.398,9.62,17.176,33.032,NA,97.56,NA,203.988,NA,NA,D-,0.1,0.04,0.05,26.29,63.67,1,55.56,1481.68,122.02,1.64,3.31,0.17,98.66,48.3,0.05,0.05,0.07,17.92,9.83,126.24,2754.39,128.97,1.02,NA,NA,NA,NA,NA
MJ113,quin9,Lutjanus,quinquelineatus,55.93,14.67,12.07,4.02,1.88,0.34,11.15,0.25,5.82,0.396728016,NA,9.229,3.07,9.799,NA,2.769,37.712,5.022,NA,0,18.458,6.14,19.598,0,11.076,20.088,NA,75.424,NA,150.784,NA,NA,D,0.01,0.02,0.03,19.17,42.73,1,78.11,3749.33,119.99,1.5,7.77,0.53,217.53,109.57,0.01,0.02,0.03,19.06,37.78,85.02,4081.01,111.13,1.37,NA,NA,NA,NA,NA
MJ114,baro11,Chaetodon,baronessa,39.13,10.73,8.96,6.86,1.29,0.2,5.88,0.2,4.8,0.447343896,NA,5.22,10.651,20.629,NA,1.32,44.623,3.143,NA,0,10.44,21.302,41.258,0,5.28,12.572,NA,89.246,NA,180.098,NA,NA,S,0.04,0.03,0.03,26.95,65.62,1,81.91,2457.18,156.28,0.67,5.16,0.48,120.63,114.9,0.05,0.03,0.03,25.2,4.62,108.09,4323.6,145.13,NA,NA,NA,NA,NA,NA
MJ115,stri5,Ctenochaetus,striatus,74.78,16.3,11.75,5.7,1.87,0.6,14.75,0.73,5.89,0.361349693,104.9,10.9,11.74,18.426,NA,2.003,51.822,6.681,62.642,0,21.8,23.48,36.852,0,8.012,26.724,125.284,103.644,242.152,220.512,0.433198982,275.2469853,D-,0.05,0.02,0.04,19.22,98.81,1,46.63,2238.34,146.38,0.96,4.74,0.29,115.83,56.28,0.02,0.04,0.03,23.72,23.25,140.14,3363.43,117.4,1.16,2.414,10.314,41.428,6.18,6070.026
MJ116,stri3,Ctenochaetus,striatus,97.14,17.5,12.6,5.97,2.12,0.67,20.1,0.85,6.13,0.350285714,134.9,15.657,15.274,22.546,NA,2.058,58.028,8.832,73.49,0,31.314,30.548,45.092,0,8.232,35.328,146.98,116.056,297.494,266.57,0.453454523,308.0801938,D,0.01,0.02,0.02,19.56,76.06,1,28.51,1368.53,101.81,1.24,9.15,0.52,236.42,88.29,0.05,0.03,0.03,23.09,5.7,107.7,3692.57,135.68,1.03,1.978,10.186,41.205,6.387,6036.228
MJ117,stri4,Ctenochaetus,striatus,78.39,16.6,11.87,5.64,1.7,0.54,14.23,0.74,6.12,0.368674699,57,13.039,13.165,18.826,NA,1.793,53.444,8.587,63.526,0,26.078,26.33,37.652,0,7.172,34.348,127.052,106.888,258.632,238.468,0.220390362,267.1945675,D,0.07,0.02,0.03,20.48,114.94,1,44.74,2147.33,144.04,0.72,4.67,0.28,118.48,77.38,0.05,0.05,0.07,24.21,8.9,120.07,2619.6,150.5,1.01,2.571,10.633,41.823,6.379,6130.066
MJ118,quin10,Lutjanus,quinquelineatus,68.58,16,13.16,4.72,2.06,0.41,11.96,0.22,6.89,0.430625,NA,10.911,3.75,12.173,NA,3.074,46.105,5.736,NA,0,21.822,7.5,24.346,0,12.296,22.944,NA,92.21,NA,181.118,NA,NA,D,NA,0.03,0.03,20.16,113.45,1,87.84,3513.44,174.07,1.41,8.57,0.54,214.48,115.02,0.01,0.04,0.04,25.38,10,147.12,3923.15,154.24,1.19,NA,NA,NA,NA,NA
MJ119,flav9,Scarus,flavipectoralis,92.7,18.2,14.54,4.5,2.25,0.67,20.88,0.68,6.89,0.378571429,NA,14.675,7.057,14.688,NA,2.811,50.166,5.699,NA,0,29.35,14.114,29.376,0,11.244,22.796,NA,100.332,NA,207.212,NA,NA,D,0.01,0.03,0.02,28.51,61.07,1,65.59,2623.56,98.61,1.11,8.5,0.47,241.33,110.18,NA,NA,NA,NA,NA,NA,NA,NA,NA,NA,NA,NA,NA,NA
MJ120,obso6,Lethrinus,obsoletus,257.25,25,20.8,7.04,3.21,0.67,52.8,1.4,9.75,0.39,NA,23.463,8.894,20.22,NA,7.147,105.146,13.038,NA,0,46.926,17.788,40.44,0,28.588,52.152,NA,210.292,NA,396.186,NA,NA,D,0.08,0.04,0.05,27.08,83.26,1,42.18,1012.2,105.91,1.05,6.54,0.26,223.51,89.92,0.09,0.03,0.05,26.91,11.18,65.45,2244,90.23,1.8,NA,NA,NA,NA,NA
MJ121,stri7,Ctenochaetus,striatus,66.3,15.3,10.84,5.43,1.77,0.55,13.25,0.7,5.29,0.345751634,NA,11.504,11.598,17.836,NA,1.644,46.656,6.498,NA,0,23.008,23.196,35.672,0,6.576,25.992,NA,93.312,NA,207.756,NA,NA,D,NA,0.02,0.02,21.72,87.92,1,43.7,2622.24,129.7,1.01,7.9,0.52,165.07,135.15,NA,NA,NA,NA,NA,NA,NA,NA,NA,NA,NA,NA,NA,NA
MJ122,stri6,Ctenochaetus,striatus,66.02,14.9,10.9,5.38,1.87,0.58,13.58,0.67,5.54,0.371812081,NA,11.142,11.56,18.206,NA,1.911,46.279,6.721,NA,0,22.284,23.12,36.412,0,7.644,26.884,NA,92.558,NA,208.902,NA,NA,D,0.07,0.01,0.02,25.32,130.14,1,23.45,1875.92,125.95,0.72,7.8,0.52,202.1,101.23,0.05,0.04,0.05,22.59,1.16,122.85,2948.35,146.92,0.66,NA,NA,NA,NA,NA
MJ123,stri8,Ctenochaetus,striatus,75.18,16.4,11.78,5.49,1.9,0.49,15.69,0.75,5.95,0.362804878,NA,12.212,14.983,22.107,NA,1.919,51.725,7.875,NA,0,24.424,29.966,44.214,0,7.676,31.5,NA,103.45,NA,241.23,NA,NA,D-,0.02,0.03,0.03,26.44,76.5,1,46.59,1863.64,123.35,0.82,4.28,0.26,108.47,68.2,0.05,0.03,0.05,30.98,15.19,77.1,2643.43,119.37,1.06,NA,NA,NA,NA,NA
MJ124,scop5,Zebrasoma,scopas,77.86,14.45,11.23,7.02,1.95,0.65,13.15,0.8,5.62,0.388927336,40.5,10.624,15.417,24.328,NA,1.727,53.429,6.145,66.369,0,21.248,30.834,48.656,0,6.908,24.58,132.738,106.858,264.964,239.084,0.152850953,195.4044413,D-,0.16,0.03,0.03,27.14,74.97,1,73.97,2958.72,150.21,1.11,6.02,0.42,136.04,54.56,0.04,0.04,0.04,25.69,17.22,107.87,2876.53,141.93,0.72,2.756,8.826,38.071,5.97,5559.761
MJ125,scop3,Zebrasoma,scopas,87.7,14.88,11.77,7.25,2.02,0.65,13.99,0.82,5.9,0.396505376,38,12.37,16.223,27.034,NA,2.185,58.125,7.551,73.729,0,24.74,32.446,54.068,0,8.74,30.204,147.458,116.25,297.656,266.448,0.127664149,201.3412195,D-,0.03,0.03,0.03,21.26,57.04,1,57.53,1725.87,120.97,1.16,5.7,0.38,154.2,57.63,NA,0.04,0.03,19.7,21.74,108.98,2906.16,134.41,1.17,1.84,8.738,37.235,5.736,5432.708
MJ126,stri9,Ctenochaetus,striatus,77.22,15.8,11.61,5.7,1.98,0.66,14.18,0.64,5.83,0.368987342,71.9,11.772,11.537,19.048,NA,2.067,49.31,6.837,61.069,0,23.544,23.074,38.096,0,8.268,27.348,122.138,98.62,242.468,218.95,0.296533976,200.0159735,D-,NA,0.03,0.04,29.67,68.05,1,101.38,3041.28,167.47,1.31,5.43,0.34,111.9,84.85,0.05,0.04,0.04,25.85,17.28,137.69,3671.79,162.97,1.12,3.247,9.269,37.748,5.929,5510.668
MJ127,nigr12,Acanthurus,nigrofuscus,56.34,15.02,10.68,5.37,1.97,0.58,12,0.76,4.95,0.329560586,37.3,8.067,8.706,15.336,NA,1.587,40.808,5.1025,47.322,0,16.134,17.412,30.672,0,6.348,20.41,94.644,81.616,185.62,172.592,0.200948174,198.4270703,D,0.03,0.01,0.02,24.4,46.29,1,32.11,2568.48,39.09,0.81,9.38,0.62,232.09,115.35,0.03,0.04,0.03,29.95,3.77,140.03,3360.7,121.05,0.81,3.309,8.846,36.185,5.75,5273.19
MJ128,flav10,Scarus,flavipectoralis,90.26,18,14.11,4.57,2.15,0.75,19.22,0.54,6.49,0.360555556,NA,14.366,6.442,13.252,NA,2.736,51.047,6.608,NA,0,28.732,12.884,26.504,0,10.944,26.432,NA,102.094,NA,207.59,NA,NA,D,0.04,0.03,0.02,23.4,71.86,1,57.77,2310.76,103.62,0.87,8.04,0.45,262.62,175.04,0.07,0.04,0.03,29.46,0,129.77,3460.61,108.28,0.63,NA,NA,NA,NA,NA
MJ129,scop4,Zebrasoma,scopas,87.6,15.02,12.1,7.35,2.1,0.74,14.77,0.88,5.9,0.392809587,10.9,10.734,16.409,27.529,NA,2.095,62.029,6.333,71.865,0,21.468,32.818,55.058,0,8.38,25.332,143.73,124.058,286.786,267.114,0.038007434,80.2910748,D,NA,0.02,0.02,24.23,136.61,1,34.64,1662.82,150.79,0.81,6.5,0.43,201.6,85.28,NA,0.04,0.07,23.8,19.21,95.26,2540.32,127.95,0.73,1.407,4.978,23.194,3.747,3298.458
MJ130,scop1,Zebrasoma,scopas,113.92,16.2,12.93,8.23,2.26,0.95,20.89,1.24,6.85,0.422839506,17.8,11.654,17.265,30.106,NA,2.365,74.987,7.357,86.685,0,23.308,34.53,60.212,0,9.46,29.428,173.37,149.974,330.308,306.912,0.053889097,81.6261761,D-,0.05,0.04,0.03,23.68,92.92,1,62.47,1665.73,153.41,1.07,3.89,0.24,140.74,52.91,NA,0.04,0.03,30.63,6.62,114.92,3064.61,117.84,1.11,1.849,7.068,30.376,5.089,4390.192
MJ131,scop2,Zebrasoma,scopas,89.5,14.79,11.75,7.04,2.14,0.87,15.4,0.88,6.09,0.411764706,27.8,9.59,15.696,24.584,NA,2.061,54.672,7.055,68.626,0,19.18,31.392,49.168,0,8.244,28.22,137.252,109.344,273.456,245.548,0.101661693,144.6224934,S,0.03,0.02,0.04,26.62,99.29,1,38.23,1834.85,153.16,1.11,2.63,0.18,65.28,68.91,0.02,0.04,0.02,23.11,26.89,119.22,3179.15,144.3,0.94,2.168,8.101,34.913,5.381,5079.761
MJ132,scop7,Zebrasoma,scopas,52.25,12.43,9.7,6.48,1.65,0.51,9.11,0.54,5.22,0.41995173,NA,7.855,12.444,18.73,NA,1.758,44.638,5.395,NA,0,15.71,24.888,37.46,0,7.032,21.58,NA,89.276,NA,195.946,NA,NA,D,0.02,0.03,0.02,25.6,77.28,1,87.08,2985.74,147.65,1.11,8.08,0.65,222,132.66,0.02,0.04,0.02,21.53,14.34,140.17,3737.79,135.25,0.76,NA,NA,NA,NA,NA
MJ133,scop6,Zebrasoma,scopas,85.45,14.83,11.69,7.1,2,0.6,14.4,0.81,5.91,0.398516521,NA,11.677,17.097,29.549,NA,2.42,60.458,8.422,NA,0,23.354,34.194,59.098,0,9.68,33.688,NA,120.916,NA,280.93,NA,NA,D,0.05,0.03,0.02,21.3,154.41,1,36.06,1442.2,171.76,0.76,6.04,0.41,162.84,75.26,NA,NA,NA,NA,NA,NA,NA,NA,NA,NA,NA,NA,NA,NA
MJ134,bili11,Scolopsis,bilineatus,60.19,15.6,12.32,4.45,1.96,0.42,11.14,0.3,5.53,0.354487179,20.7,9.316,3.374,11.7,NA,2.847,46.351,5.857,58.778,0,18.632,6.748,23.4,0,11.388,23.428,117.556,92.702,201.152,176.298,0.102907254,159.323832,D,0.03,0.02,0.02,34.73,111.47,1,43.74,2099.42,123.09,0.59,5.84,0.37,171.54,85.33,0.03,0.03,0.03,39.22,19.07,111.1,3332.94,120.27,1.17,1.967,6.557,27.117,4.651,3894.852
MJ135,scop8,Zebrasoma,scopas,62.43,13.12,10.42,6.57,1.69,0.53,9.95,0.61,5.49,0.418445122,NA,8.499,11.951,20.681,NA,1.657,48.67,6.291,NA,0,16.998,23.902,41.362,0,6.628,25.164,NA,97.34,NA,211.394,NA,NA,D-,0.05,0.03,0.03,30.75,96.85,1,33.28,1331.2,123.77,0.53,3.52,0.27,105.86,41.85,0.05,0.04,0.03,29.52,32.87,90.76,2420.16,122.76,1.06,NA,NA,NA,NA,NA
MJ136,scop9,Zebrasoma,scopas,61.92,13.2,10.44,6.42,1.68,0.6,10.63,0.63,5.45,0.412878788,NA,9.694,13.152,20.033,NA,2.051,47.44,5.867,NA,0,19.388,26.304,40.066,0,8.204,23.468,NA,94.88,NA,212.31,NA,NA,D,NA,0.03,0.02,22.41,104.21,1,52.1,2084.16,149.35,1.17,6.67,0.51,203.63,88.06,NA,0.03,0.02,33.75,8.58,87.21,2990.02,94.14,0.98,NA,NA,NA,NA,NA
MJ137,scop10,Zebrasoma,scopas,95.25,15.15,12.08,7.23,2.1,0.78,15.45,1.09,6.13,0.404620462,NA,12.063,15.356,24.521,NA,1.958,63.319,7.641,NA,0,24.126,30.712,49.042,0,7.832,30.564,NA,126.638,NA,268.914,NA,NA,D-,0.04,0.03,0.03,31.7,138.63,1,49.83,1993.36,174.61,0.88,5.36,0.35,142.48,56.09,0.05,0.03,0.03,29.04,25.6,92.43,2772.96,118.59,1.1,NA,NA,NA,NA,NA
MJ138,stri10,Ctenochaetus,striatus,60.98,14.72,10.48,5.42,1.76,0.47,12.95,0.74,5.43,0.36888587,NA,11.999,11.179,18.308,NA,1.87,45.691,7.569,NA,0,23.998,22.358,36.616,0,7.48,30.276,NA,91.382,NA,212.11,NA,NA,D,NA,0.02,0.02,26.25,77.63,1,40.43,2425.5,106.79,1.04,8.31,0.56,181.67,143.82,NA,0.03,0.02,15.39,24.02,86.07,3442.92,103.67,1.07,NA,NA,NA,NA,NA
MJ139,sexs4,Pomacanthus,sexstriatus,NA,23.5,18.5,11,NA,NA,NA,NA,NA,NA,NA,NA,NA,NA,NA,NA,NA,NA,NA,NA,NA,NA,NA,NA,NA,NA,NA,NA,NA,NA,NA,NA,S,NA,0.05,0.08,27.15,105.54,1,50.74,1014.8,161.16,1.31,2.86,0.12,87.39,29.24,NA,0.07,0.07,21.42,18.45,85.51,1207.19,137.65,2.25,NA,NA,NA,NA,NA
MJ140,sexs5,Pomacanthus,sexstriatus,NA,17.1,13.55,7.72,2.25,NA,NA,NA,NA,NA,NA,NA,NA,NA,NA,NA,NA,NA,NA,NA,NA,NA,NA,NA,NA,NA,NA,NA,NA,NA,NA,NA,D,0.04,0.03,0.03,22.35,106.99,1,46.08,1579.71,140.69,0.98,3.95,0.23,123.92,52.02,0.05,0.05,0.03,34.14,20.24,125.95,2519.02,155.88,2,NA,NA,NA,NA,NA
